category,post_month,mean_shock,sd_shock,n_countries,se,ci_l,ci_u,significant
Cultural / people-to-people cooperation,0,-0.07176892329605106,1.361104298555517,12,0.3929169665830923,-0.841886177798912,0.6983483312068097,
Cultural / people-to-people cooperation,1,-0.43793687903173034,2.2663063351141135,12,0.6542262863221439,-1.7202204002231323,0.8443466421596715,
Cultural / people-to-people cooperation,3,0.1627762004122865,2.417235376693927,12,0.6977957477144626,-1.2049034651080601,1.5304558659326333,
Cultural / people-to-people cooperation,6,-0.5370822501247672,0.9073355935210824,12,0.2619252245823629,-1.0504556903061983,-0.023708809943335907,*
Cultural / people-to-people cooperation,12,-0.12276105831285661,1.449353116937884,10,0.4583256983388079,-1.0210794270569201,0.7755573104312068,
Detention / judicial dispute,0,-2.018797709874303,2.043334781134529,5,0.9138070942812923,-3.809859614665636,-0.2277358050829703,*
Detention / judicial dispute,1,-1.692066979830892,2.1608163210819407,5,0.9663464361660462,-3.5861059947163425,0.2019720350545584,
Detention / judicial dispute,3,-0.7265443265722072,2.338873897406958,5,1.0459762050803654,-2.776657688529723,1.323569035385309,
Detention / judicial dispute,6,-1.2124429998006652,1.8676465943599563,5,0.8352369485869675,-2.8495074190311214,0.42462141942979104,
Detention / judicial dispute,12,-1.2821583197299629,2.742320076153754,5,1.2264028212684386,-3.6859078494161026,1.121591209956177,
Diplomatic protest / friction,0,-0.9247920522197194,1.3757725677392134,8,0.48640905600941325,-1.8781538019981694,0.028569697558730622,
Diplomatic protest / friction,1,-0.25805340353477874,1.0904862285020658,8,0.3855451034821768,-1.0137218063598452,0.4976149992902878,
Diplomatic protest / friction,3,-0.1439577430692333,1.350808006458616,8,0.47758275072398454,-1.080019934488243,0.7921044483497763,
Diplomatic protest / friction,6,-0.15893011522824943,1.4921062234149283,8,0.5275392144136727,-1.1929069754790478,0.875046745022549,
Diplomatic protest / friction,12,-0.11933198587136887,1.481159399499625,8,0.5236689277021898,-1.1457230841676607,0.907059112424923,
Economic sanction / tariff barrier,0,-0.2827865381594579,1.2041417278448876,9,0.40138057594829585,-1.0694924670181178,0.5039193906992019,
Economic sanction / tariff barrier,1,-0.0891700146776506,1.0396513354139671,9,0.34655044513798905,-0.7684088871481092,0.5900688577928079,
Economic sanction / tariff barrier,3,-0.28194970683998494,1.4585787769249134,9,0.4861929256416378,-1.234887841097595,0.6709884274176252,
Economic sanction / tariff barrier,6,-0.20609033219722123,1.3005112430143875,9,0.4335037476714625,-1.0557576776332878,0.6435770132388452,
Economic sanction / tariff barrier,12,0.4151159815354496,2.239483915668729,9,0.7464946385562431,-1.048013510034787,1.878245473105686,
Economic win-win cooperation,0,0.36139602030146684,1.31594788573221,22,0.2805610319247581,-0.18850360227105906,0.9112956428739927,
Economic win-win cooperation,1,0.1380842223107695,1.644469669042465,22,0.35060211146492715,-0.5490959161604876,0.8252643607820267,
Economic win-win cooperation,3,0.055871152783187085,1.3586208868461795,22,0.28965894633130024,-0.5118603820261614,0.6236026875925356,
Economic win-win cooperation,6,-0.0065746030851349955,1.8351124411622717,22,0.39124728704888934,-0.7734192857009581,0.760270079530688,
Economic win-win cooperation,12,-0.16211437726288003,1.5513884519027477,22,0.33075712929148726,-0.8103983506741951,0.486169596148435,
High-level visit,0,-0.20382151243104615,0.34772812952553667,2,0.2458809183968211,-0.6857481124888155,0.27810508762672326,
High-level visit,1,0.9906964689027323,1.2795663203922516,2,0.9047900221272795,-0.7826919744667354,2.7640849122722,
High-level visit,3,0.8587442023397514,1.5511902505988633,2,1.0968571451089162,-1.2910958020737242,3.008584206753227,
High-level visit,6,1.1949319105540872,2.5218379870045813,2,1.7832087416647717,-2.300157223108865,4.69002104421704,
High-level visit,12,-0.01840544021753099,2.084454670945462,2,1.4739320329015095,-2.9073122247044894,2.8705013442694276,
Military / security cooperation,0,-0.08030931322312629,1.2868539949541749,7,0.48638509204267344,-1.0336240936267662,0.8730054671805136,
Military / security cooperation,1,-0.09466911810392399,1.2796311701072989,7,0.483655120855786,-1.0426331549812646,0.8532949187734166,
Military / security cooperation,3,-0.09145063705610829,1.3476758396077388,7,0.5093735885046068,-1.0898228705251376,0.9069215964129209,
Military / security cooperation,6,-0.13205753618665791,1.148196836615788,7,0.43397761226234804,-0.9826536562208601,0.7185385838475442,
Military / security cooperation,12,-0.3039650955292386,1.3546953807008961,7,0.5120267256546487,-1.3075374778123499,0.6996072867538727,
Multilateral / third-party meeting,0,-0.6238202220411204,1.2681216720405617,3,0.7321503887178167,-2.0588349839280413,0.8111945398458003,
Multilateral / third-party meeting,1,0.27921542675127486,0.22423648469824253,3,0.12946299480266574,0.02546795693805004,0.5329628965644997,*
Multilateral / third-party meeting,3,-0.10935289945285526,0.41177474873427033,3,0.2377382620272215,-0.5753198930262093,0.3566140941204989,
Multilateral / third-party meeting,6,-1.0627054032546797,1.26632902255639,3,0.7311154020555675,-2.4956915912835917,0.37028078477423265,
Multilateral / third-party meeting,12,-0.2337510537722523,0.8272867222874488,3,0.47763421180966176,-1.1699141089191893,0.7024120013746846,
Negative strategic positioning,0,-0.05211891135049839,0.519378524443238,5,0.23227313734172322,-0.5073742605402759,0.4031364378392791,
Negative strategic positioning,1,0.35329272801766903,1.2817288770435127,5,0.5732065795587528,-0.7701921679174863,1.4767776239528243,
Negative strategic positioning,3,0.1356061986849522,0.5854954700229841,4,0.29274773501149204,-0.43817936193757223,0.7093917593074766,
Negative strategic positioning,6,0.21203522672736597,0.5183927107150006,4,0.2591963553575003,-0.29598962977333465,0.7200600832280666,
Negative strategic positioning,12,-0.37764274923930613,0.763544326636262,4,0.381772163318131,-1.1259161893428429,0.37063069086423067,
Pandemic / crisis aid,0,0.8944952780018177,1.585778695365716,11,0.47813026664248887,-0.042640044617460404,1.8316306006210958,
Pandemic / crisis aid,1,0.7313711423721221,2.1271463393254897,11,0.6413587528836963,-0.5256920132799225,1.9884342980241667,
Pandemic / crisis aid,3,0.923075050489499,1.915290502237109,11,0.5774818145865309,-0.2087893061001015,2.0549394070790994,
Pandemic / crisis aid,6,0.16489117226579364,1.7094289975363979,11,0.5154122355074179,-0.8453168093287454,1.1750991538603328,
Pandemic / crisis aid,12,0.5172615657243176,1.814047990030087,11,0.5469560486025611,-0.5547722895367022,1.5892954209853374,
Pandemic / disaster shock,0,-0.2487523034407554,2.6794540795413817,7,1.0127384491262823,-2.2337196637282686,1.7362150568467578,
Pandemic / disaster shock,1,0.38462688763825814,1.85380674844507,7,0.7006730907369899,-0.988692370206242,1.7579461454827583,
Pandemic / disaster shock,3,-0.024110318314917046,1.2673993132261887,7,0.4790319135157929,-0.9630128688058711,0.914792232176037,
Pandemic / disaster shock,6,0.165621242164088,1.9714119856749162,7,0.7451236922496939,-1.294821194645312,1.626063678973488,
Pandemic / disaster shock,12,-0.5665937955967767,2.1461018080712755,7,0.8111502389118093,-2.156448263863923,1.0232606726703692,
Policy shift / domestic politics,0,-0.42265850342028854,1.349194818239144,5,0.6033782656946398,-1.6052799041817825,0.7599628973412054,
Policy shift / domestic politics,1,-0.35959348223048754,1.2551000732325266,5,0.5612978164625787,-1.4597372024971418,0.7405502380361666,
Policy shift / domestic politics,3,-0.46131678070854576,1.9482095026780155,5,0.8712657764798202,-2.1689977026089933,1.246364141191902,
Policy shift / domestic politics,6,-0.29059469836646407,1.3066931932556987,5,0.5843709611712024,-1.4359617822620205,0.8547723855290925,
Policy shift / domestic politics,12,-0.44011655163879415,1.2549981211865784,5,0.5612522221215416,-1.5401709069970155,0.6599378037194272,
Security threat,0,-0.36250198079742324,0.5362403790785948,3,0.3095985272113737,-0.9693150941317157,0.2443111325368692,
Security threat,1,-0.6478637373579851,0.9516929248984559,3,0.5494601663759858,-1.7248056634549171,0.4290781887389471,
Security threat,3,-0.17070682524032532,1.419180369356013,3,0.8193641682763266,-1.7766605950619256,1.4352469445812748,
Security threat,6,-0.19871356425705095,0.7897266016584289,3,0.45594886605370233,-1.0923733417223076,0.6949462132082056,
Security threat,12,0.0433550598263726,1.0228001545197076,3,0.5905139445391441,-1.1140522714703498,1.200762391123095,
Sovereignty dispute,0,-0.7430173403694563,1.344974237927485,10,0.4253181986100076,-1.5766410096450711,0.0906063289061585,
Sovereignty dispute,1,-0.5452701038898093,1.4543154597141406,10,0.4598949289091533,-1.4466641645517497,0.35612395677213105,
Sovereignty dispute,3,-0.10725689616514594,1.3267859371827526,10,0.4195665528978585,-0.9296073398449485,0.7150935475146567,
Sovereignty dispute,6,0.18929125920434084,1.2468343666917783,10,0.39428364637195995,-0.5835046876847007,0.9620872060933824,
Sovereignty dispute,12,-0.10212331475238468,1.6023352699906943,10,0.5067029028391441,-1.095261004317107,0.8910143748123377,
Strategic partnership upgrade,0,0.35326319841045256,0.8139504451933051,22,0.17353481799318066,0.01313495514381846,0.6933914416770867,*
Strategic partnership upgrade,1,0.06515227721759333,1.3277140135185554,22,0.28306957879753863,-0.48966409722558235,0.619968651660769,
Strategic partnership upgrade,3,-0.20848705727249017,1.4072644957438687,22,0.3000297985944097,-0.7965454625175332,0.3795713479725529,
Strategic partnership upgrade,6,0.013030761417621656,1.4085269221290908,22,0.30029894880408525,-0.5755551782383855,0.6016167010736287,
Strategic partnership upgrade,12,-0.14770546918627667,1.3720843053138487,21,0.2994133423315053,-0.734555620156027,0.43914468178347366,
Tech control / export restriction,0,-0.6277921867412946,1.048307352885829,11,0.3160765594993625,-1.247302243360045,-0.008282130122544085,*
Tech control / export restriction,1,-0.2715863950666788,1.3450159366288303,11,0.40553756353147874,-1.0664400195883772,0.5232672294550195,
Tech control / export restriction,3,-0.18343376048636986,1.0361405798575167,11,0.3124081394044235,-0.7957537137190399,0.42888619274630024,
Tech control / export restriction,6,-0.370524220300635,0.7541595900246585,11,0.22738767201454976,-0.8162040574491525,0.07515561684788258,
Tech control / export restriction,12,-0.20603505020553964,0.8922387505526055,11,0.2690201053634999,-0.7333144567179994,0.3212443563069202,
