h,estimate,se,pvalue,n,n_country,db,trade,pol_var,window_id,window_label
0,0.00985771848412148,0.00417053764413263,0.0180955810959599,6535,25,GDELT,Trade_Total,Pol_Agg,0,Full Sample
1,0.00584555466293059,0.00249330331862942,0.0190525074035484,6535,25,GDELT,Trade_Total,Pol_Agg,0,Full Sample
2,0.00548724661241329,0.0023714289049315,0.0206732713029734,6535,25,GDELT,Trade_Total,Pol_Agg,0,Full Sample
3,0.00452393855772407,0.00266074224956176,0.0890830949539422,6535,25,GDELT,Trade_Total,Pol_Agg,0,Full Sample
4,0.0067429275527008,0.00307085459113339,0.0281075432379456,6535,25,GDELT,Trade_Total,Pol_Agg,0,Full Sample
5,0.00796927657618116,0.00372596805798064,0.0324480404323416,6535,25,GDELT,Trade_Total,Pol_Agg,0,Full Sample
6,0.0104448213504733,0.00461919427330332,0.0237482250381625,6535,25,GDELT,Trade_Total,Pol_Agg,0,Full Sample
0,0.00824663391055132,0.0039249063396116,0.0356318937395374,6535,25,GDELT,Trade_Total,Pol_CHN_Partner,0,Full Sample
1,0.00495855788978804,0.00255777964022261,0.0525478587092201,6535,25,GDELT,Trade_Total,Pol_CHN_Partner,0,Full Sample
2,0.00386484219772106,0.00272288361051898,0.155784444132324,6535,25,GDELT,Trade_Total,Pol_CHN_Partner,0,Full Sample
3,0.00330467960881022,0.00259181982088397,0.202294310902574,6535,25,GDELT,Trade_Total,Pol_CHN_Partner,0,Full Sample
4,0.00555398423134158,0.0027237418690359,0.041439968127866,6535,25,GDELT,Trade_Total,Pol_CHN_Partner,0,Full Sample
5,0.00579148584392662,0.00386845497809355,0.134365767202384,6535,25,GDELT,Trade_Total,Pol_CHN_Partner,0,Full Sample
6,0.00855462232354638,0.00461649762814781,0.0638745282566527,6535,25,GDELT,Trade_Total,Pol_CHN_Partner,0,Full Sample
0,0.0100237005074742,0.00420290285830443,0.0170815826823355,6535,25,GDELT,Trade_Total,Pol_Partner_CHN,0,Full Sample
1,0.00642418158598966,0.00259778367422809,0.0134003979534997,6535,25,GDELT,Trade_Total,Pol_Partner_CHN,0,Full Sample
2,0.00571055755962244,0.00241977459759755,0.0182771845872157,6535,25,GDELT,Trade_Total,Pol_Partner_CHN,0,Full Sample
3,0.00547662256659046,0.00295084839251966,0.0634609029452262,6535,25,GDELT,Trade_Total,Pol_Partner_CHN,0,Full Sample
4,0.00747856700173771,0.00321246446097334,0.0199129345007025,6535,25,GDELT,Trade_Total,Pol_Partner_CHN,0,Full Sample
5,0.00986820006188475,0.00324215502793625,0.00233675400206077,6535,25,GDELT,Trade_Total,Pol_Partner_CHN,0,Full Sample
6,0.0111037595834783,0.00435162881187707,0.0107219399569829,6535,25,GDELT,Trade_Total,Pol_Partner_CHN,0,Full Sample
0,0.00919996640892591,0.00277517209879128,0.000916111274799316,6535,25,GDELT,Trade_Exports,Pol_Agg,0,Full Sample
1,0.00541756897776227,0.00244308505763205,0.0265881645939606,6535,25,GDELT,Trade_Exports,Pol_Agg,0,Full Sample
2,0.00498028362187508,0.00250620520095978,0.0469023309028204,6535,25,GDELT,Trade_Exports,Pol_Agg,0,Full Sample
3,0.00502110363667814,0.00297939416840426,0.0919351947546357,6535,25,GDELT,Trade_Exports,Pol_Agg,0,Full Sample
4,0.00699413237603095,0.00279709420234034,0.012401834293394,6535,25,GDELT,Trade_Exports,Pol_Agg,0,Full Sample
5,0.00730900380229791,0.00376332291683089,0.0521168151583153,6535,25,GDELT,Trade_Exports,Pol_Agg,0,Full Sample
6,0.010619035429727,0.00534572714444492,0.0469830527408842,6535,25,GDELT,Trade_Exports,Pol_Agg,0,Full Sample
0,0.00863637923703248,0.00290467370394354,0.00294645120969651,6535,25,GDELT,Trade_Exports,Pol_CHN_Partner,0,Full Sample
1,0.00515322145079991,0.00255632703960373,0.043813634339902,6535,25,GDELT,Trade_Exports,Pol_CHN_Partner,0,Full Sample
2,0.00351033526340492,0.00273563475611047,0.19942601782083,6535,25,GDELT,Trade_Exports,Pol_CHN_Partner,0,Full Sample
3,0.00402318274443148,0.00245251131319573,0.100914977695852,6535,25,GDELT,Trade_Exports,Pol_CHN_Partner,0,Full Sample
4,0.00521824350542816,0.00244538614567616,0.0328498288261332,6535,25,GDELT,Trade_Exports,Pol_CHN_Partner,0,Full Sample
5,0.00594987891770801,0.00405330553502356,0.142129261989421,6535,25,GDELT,Trade_Exports,Pol_CHN_Partner,0,Full Sample
6,0.0087644528957349,0.00519550866305804,0.0916170545361375,6535,25,GDELT,Trade_Exports,Pol_CHN_Partner,0,Full Sample
0,0.00921547769364484,0.00293421345331883,0.00168545857839387,6535,25,GDELT,Trade_Exports,Pol_Partner_CHN,0,Full Sample
1,0.00600520705863645,0.00241173613222869,0.01277454664877,6535,25,GDELT,Trade_Exports,Pol_Partner_CHN,0,Full Sample
2,0.00529712309310116,0.00253191822787884,0.0364261460462574,6535,25,GDELT,Trade_Exports,Pol_Partner_CHN,0,Full Sample
3,0.00553377174321216,0.00316732338240557,0.0806122696457556,6535,25,GDELT,Trade_Exports,Pol_Partner_CHN,0,Full Sample
4,0.00765769117510661,0.00295220897788184,0.00948981678777299,6535,25,GDELT,Trade_Exports,Pol_Partner_CHN,0,Full Sample
5,0.00865290039354341,0.00309372676376912,0.00515926090011059,6535,25,GDELT,Trade_Exports,Pol_Partner_CHN,0,Full Sample
6,0.0121506255742333,0.00472617947653816,0.0101428987616975,6535,25,GDELT,Trade_Exports,Pol_Partner_CHN,0,Full Sample
0,0.0136511280968459,0.00737455651107987,0.0641534802267202,6535,25,GDELT,Trade_Imports,Pol_Agg,0,Full Sample
1,0.00788432879028811,0.00443590843286617,0.0755044840992975,6535,25,GDELT,Trade_Imports,Pol_Agg,0,Full Sample
2,0.00729876048398462,0.00398874217085526,0.0672738484188039,6535,25,GDELT,Trade_Imports,Pol_Agg,0,Full Sample
3,0.0070129767898261,0.00400694529059927,0.0800828986957365,6535,25,GDELT,Trade_Imports,Pol_Agg,0,Full Sample
4,0.00652146330172945,0.00419349590151,0.119913293223183,6535,25,GDELT,Trade_Imports,Pol_Agg,0,Full Sample
5,0.0107816040534643,0.0052210579343191,0.0389208361791113,6535,25,GDELT,Trade_Imports,Pol_Agg,0,Full Sample
6,0.0118368693095387,0.00492945330972713,0.0163389923391805,6535,25,GDELT,Trade_Imports,Pol_Agg,0,Full Sample
0,0.0101608180241811,0.00682952038543192,0.136809146374598,6535,25,GDELT,Trade_Imports,Pol_CHN_Partner,0,Full Sample
1,0.00577484225572166,0.00430670889065577,0.179954708859645,6535,25,GDELT,Trade_Imports,Pol_CHN_Partner,0,Full Sample
2,0.00523880174226023,0.00433065167355203,0.226392929636449,6535,25,GDELT,Trade_Imports,Pol_CHN_Partner,0,Full Sample
3,0.00535171415059546,0.00424326617656911,0.207227728760741,6535,25,GDELT,Trade_Imports,Pol_CHN_Partner,0,Full Sample
4,0.00605746062395002,0.00390271969757223,0.120635270946319,6535,25,GDELT,Trade_Imports,Pol_CHN_Partner,0,Full Sample
5,0.00778965504395937,0.00474287722446714,0.100509165862573,6535,25,GDELT,Trade_Imports,Pol_CHN_Partner,0,Full Sample
6,0.00956230856238894,0.00482982842696577,0.0477210202643301,6535,25,GDELT,Trade_Imports,Pol_CHN_Partner,0,Full Sample
0,0.0135375763321856,0.00706376201193759,0.0553037076749295,6535,25,GDELT,Trade_Imports,Pol_Partner_CHN,0,Full Sample
1,0.00849654457854539,0.0044825260332245,0.0580286578302406,6535,25,GDELT,Trade_Imports,Pol_Partner_CHN,0,Full Sample
2,0.00736555774706297,0.00424293766916609,0.0825714213239152,6535,25,GDELT,Trade_Imports,Pol_Partner_CHN,0,Full Sample
3,0.0079811349946303,0.00428771520853549,0.0626883061023506,6535,25,GDELT,Trade_Imports,Pol_Partner_CHN,0,Full Sample
4,0.00775818557957739,0.00464987859136077,0.0952223496022354,6535,25,GDELT,Trade_Imports,Pol_Partner_CHN,0,Full Sample
5,0.012828904945346,0.0050772792858953,0.011513055275616,6535,25,GDELT,Trade_Imports,Pol_Partner_CHN,0,Full Sample
6,0.0113674659083709,0.00547085931294094,0.0377258566360904,6535,25,GDELT,Trade_Imports,Pol_Partner_CHN,0,Full Sample
0,0.00097881513793403,0.00294596423975906,0.739695745105599,6533,25,ICEWS,Trade_Total,Pol_Agg,0,Full Sample
1,-0.000515895789539105,0.00210294271823767,0.806207974197333,6533,25,ICEWS,Trade_Total,Pol_Agg,0,Full Sample
2,0.00163540614550759,0.00164557617536288,0.32031061661736,6533,25,ICEWS,Trade_Total,Pol_Agg,0,Full Sample
3,-0.00129706889423807,0.00184058108761953,0.480993095481667,6533,25,ICEWS,Trade_Total,Pol_Agg,0,Full Sample
4,-0.000849746321600696,0.00214611356501621,0.6921444389456,6533,25,ICEWS,Trade_Total,Pol_Agg,0,Full Sample
5,5.30306697378482e-07,0.0025459365147185,0.999833804369896,6533,25,ICEWS,Trade_Total,Pol_Agg,0,Full Sample
6,0.0012529789455984,0.00295819316343975,0.671885092669894,6533,25,ICEWS,Trade_Total,Pol_Agg,0,Full Sample
0,0.000583590489750847,0.0032094942007376,0.855714145225127,6525,25,ICEWS,Trade_Total,Pol_CHN_Partner,0,Full Sample
1,-2.10014312831099e-05,0.00207356514457479,0.991919023455825,6525,25,ICEWS,Trade_Total,Pol_CHN_Partner,0,Full Sample
2,0.000950134208747855,0.00160850182925888,0.554724706758583,6525,25,ICEWS,Trade_Total,Pol_CHN_Partner,0,Full Sample
3,-0.00140989204547327,0.00185269946262791,0.44666101510417,6525,25,ICEWS,Trade_Total,Pol_CHN_Partner,0,Full Sample
4,-0.00136922622671989,0.00212964207954394,0.520264816178175,6525,25,ICEWS,Trade_Total,Pol_CHN_Partner,0,Full Sample
5,-0.000424338393326472,0.00212782621918022,0.841931537651742,6525,25,ICEWS,Trade_Total,Pol_CHN_Partner,0,Full Sample
6,0.000736538629647995,0.002762235207472,0.789741829225956,6525,25,ICEWS,Trade_Total,Pol_CHN_Partner,0,Full Sample
0,0.000685420381460663,0.00271213641150174,0.800481950957593,6531,25,ICEWS,Trade_Total,Pol_Partner_CHN,0,Full Sample
1,-0.000956751034472494,0.00212613310345891,0.652713446053928,6531,25,ICEWS,Trade_Total,Pol_Partner_CHN,0,Full Sample
2,0.00109446053087809,0.00162596298655577,0.500873953659056,6531,25,ICEWS,Trade_Total,Pol_Partner_CHN,0,Full Sample
3,-0.000676383875202794,0.00150079188409851,0.652216842188161,6531,25,ICEWS,Trade_Total,Pol_Partner_CHN,0,Full Sample
4,0.000708986791012287,0.00166078680959134,0.669453524273386,6531,25,ICEWS,Trade_Total,Pol_Partner_CHN,0,Full Sample
5,0.00127424309123658,0.00212269988196545,0.548310602909117,6531,25,ICEWS,Trade_Total,Pol_Partner_CHN,0,Full Sample
6,0.00170216973803068,0.00242336974481736,0.482431075575153,6531,25,ICEWS,Trade_Total,Pol_Partner_CHN,0,Full Sample
0,0.00385936286297658,0.0024489867941445,0.115048420489236,6533,25,ICEWS,Trade_Exports,Pol_Agg,0,Full Sample
1,0.00167428196272006,0.0016207579661121,0.301592642649446,6533,25,ICEWS,Trade_Exports,Pol_Agg,0,Full Sample
2,0.00308184912508138,0.00105444979047732,0.00347001463510798,6533,25,ICEWS,Trade_Exports,Pol_Agg,0,Full Sample
3,0.000126464469517678,0.00172376738511794,0.941515541376977,6533,25,ICEWS,Trade_Exports,Pol_Agg,0,Full Sample
4,0.000663482038170105,0.00146746554804326,0.651176883934925,6533,25,ICEWS,Trade_Exports,Pol_Agg,0,Full Sample
5,0.00136465504492072,0.0021473612834297,0.525100256740811,6533,25,ICEWS,Trade_Exports,Pol_Agg,0,Full Sample
6,0.00353891677493167,0.00255298179556516,0.165689020987831,6533,25,ICEWS,Trade_Exports,Pol_Agg,0,Full Sample
0,0.00386420231507876,0.00290325022071329,0.183191700249317,6525,25,ICEWS,Trade_Exports,Pol_CHN_Partner,0,Full Sample
1,0.0016347514828788,0.00187234911966598,0.382607564858375,6525,25,ICEWS,Trade_Exports,Pol_CHN_Partner,0,Full Sample
2,0.00186357582246567,0.00122861836465889,0.129315648053533,6525,25,ICEWS,Trade_Exports,Pol_CHN_Partner,0,Full Sample
3,0.00029760458185252,0.00179587763278878,0.868380925486675,6525,25,ICEWS,Trade_Exports,Pol_CHN_Partner,0,Full Sample
4,7.94603546951728e-05,0.00158326352964112,0.959972813357528,6525,25,ICEWS,Trade_Exports,Pol_CHN_Partner,0,Full Sample
5,0.000697158005131123,0.00207505625666071,0.736892997110634,6525,25,ICEWS,Trade_Exports,Pol_CHN_Partner,0,Full Sample
6,0.00387823147456462,0.0028675578767401,0.176231088700987,6525,25,ICEWS,Trade_Exports,Pol_CHN_Partner,0,Full Sample
0,0.00332132797955954,0.00176832279716211,0.0603488531761728,6531,25,ICEWS,Trade_Exports,Pol_Partner_CHN,0,Full Sample
1,0.000614821919289774,0.00151391693900883,0.684659297913924,6531,25,ICEWS,Trade_Exports,Pol_Partner_CHN,0,Full Sample
2,0.00252005931785508,0.00135291192772293,0.0625054983047734,6531,25,ICEWS,Trade_Exports,Pol_Partner_CHN,0,Full Sample
3,-0.0005374761009791,0.00138717594845807,0.698415207634393,6531,25,ICEWS,Trade_Exports,Pol_Partner_CHN,0,Full Sample
4,0.000931646537579334,0.00130191336656601,0.474239639149656,6531,25,ICEWS,Trade_Exports,Pol_Partner_CHN,0,Full Sample
5,0.00198192636036255,0.00157100399255026,0.207104736281966,6531,25,ICEWS,Trade_Exports,Pol_Partner_CHN,0,Full Sample
6,0.00319559723061926,0.00194789751929931,0.100893638888306,6531,25,ICEWS,Trade_Exports,Pol_Partner_CHN,0,Full Sample
0,-0.00117321998525572,0.00435064788709832,0.787417543094221,6533,25,ICEWS,Trade_Imports,Pol_Agg,0,Full Sample
1,-0.00198953825756242,0.00333823908874201,0.55118568085239,6533,25,ICEWS,Trade_Imports,Pol_Agg,0,Full Sample
2,0.000171870371062376,0.0030447396607832,0.954984682191174,6533,25,ICEWS,Trade_Imports,Pol_Agg,0,Full Sample
3,-0.00176335238168695,0.00297403037528844,0.553236877314311,6533,25,ICEWS,Trade_Imports,Pol_Agg,0,Full Sample
4,-0.00229235536166392,0.00363946028682657,0.528785303582179,6533,25,ICEWS,Trade_Imports,Pol_Agg,0,Full Sample
5,-0.000830222026834415,0.0037826948722153,0.82627694922243,6533,25,ICEWS,Trade_Imports,Pol_Agg,0,Full Sample
6,-0.000616001160151556,0.00426201102451856,0.88507961446641,6533,25,ICEWS,Trade_Imports,Pol_Agg,0,Full Sample
0,-0.00197609150158356,0.00418269865694647,0.636609799072976,6525,25,ICEWS,Trade_Imports,Pol_CHN_Partner,0,Full Sample
1,-0.000380794519728355,0.0028313217273435,0.893012308475276,6525,25,ICEWS,Trade_Imports,Pol_CHN_Partner,0,Full Sample
2,0.000296298122524126,0.00244133914433251,0.903400316633187,6525,25,ICEWS,Trade_Imports,Pol_CHN_Partner,0,Full Sample
3,-0.00209814602831582,0.00259683213802655,0.419111495664032,6525,25,ICEWS,Trade_Imports,Pol_CHN_Partner,0,Full Sample
4,-0.00267457444595853,0.00324432109003466,0.409719994006678,6525,25,ICEWS,Trade_Imports,Pol_CHN_Partner,0,Full Sample
5,-0.000661140634087033,0.00306192204906837,0.829047453011245,6525,25,ICEWS,Trade_Imports,Pol_CHN_Partner,0,Full Sample
6,-0.00168864401364407,0.003402174207387,0.619652710764888,6525,25,ICEWS,Trade_Imports,Pol_CHN_Partner,0,Full Sample
0,-0.0016998828339661,0.00472264177545853,0.71888960377378,6531,25,ICEWS,Trade_Imports,Pol_Partner_CHN,0,Full Sample
1,-0.00233668079113438,0.00360162866880731,0.516477688945549,6531,25,ICEWS,Trade_Imports,Pol_Partner_CHN,0,Full Sample
2,-0.000588147504861066,0.00299527812239386,0.844329788883573,6531,25,ICEWS,Trade_Imports,Pol_Partner_CHN,0,Full Sample
3,-0.000208881660092878,0.00283125904027763,0.941187867299264,6531,25,ICEWS,Trade_Imports,Pol_Partner_CHN,0,Full Sample
4,0.000583294637669539,0.00298842183848459,0.845248246933256,6531,25,ICEWS,Trade_Imports,Pol_Partner_CHN,0,Full Sample
5,0.000886175812364326,0.00345204539512076,0.797402374221035,6531,25,ICEWS,Trade_Imports,Pol_Partner_CHN,0,Full Sample
6,0.000413789569710761,0.00395690934498519,0.916713900328217,6531,25,ICEWS,Trade_Imports,Pol_Partner_CHN,0,Full Sample
0,-0.00211364495371152,0.0014049734824739,0.132477882901236,4842,25,Phoenix,Trade_Total,Pol_Agg,0,Full Sample
1,-0.00154358832401144,0.000751891570457191,0.0400783913903789,4842,25,Phoenix,Trade_Total,Pol_Agg,0,Full Sample
2,-0.000381289002734763,0.000551896537958177,0.489646965439611,4842,25,Phoenix,Trade_Total,Pol_Agg,0,Full Sample
3,0.000197184365028614,0.000621897836638867,0.751191441991961,4842,25,Phoenix,Trade_Total,Pol_Agg,0,Full Sample
4,5.57930021837914e-06,0.00064182670528719,0.993064200346894,4842,25,Phoenix,Trade_Total,Pol_Agg,0,Full Sample
5,-0.000341819300906513,0.000750585526530105,0.648818953720379,4842,25,Phoenix,Trade_Total,Pol_Agg,0,Full Sample
6,-0.00147337839996052,0.00130965968225424,0.260585391840636,4842,25,Phoenix,Trade_Total,Pol_Agg,0,Full Sample
0,-4.55047751714126e-05,0.00100782937479673,0.963986736337554,4840,25,Phoenix,Trade_Total,Pol_CHN_Partner,0,Full Sample
1,-0.00187697611579976,0.000788059558864883,0.0172296845828953,4840,25,Phoenix,Trade_Total,Pol_CHN_Partner,0,Full Sample
2,-0.000234884166277764,0.000738159440577637,0.750331349997841,4840,25,Phoenix,Trade_Total,Pol_CHN_Partner,0,Full Sample
3,-0.000343877748121853,0.000506438700949398,0.497130517674518,4840,25,Phoenix,Trade_Total,Pol_CHN_Partner,0,Full Sample
4,0.000203406245397495,0.000467222728370608,0.663307107050884,4840,25,Phoenix,Trade_Total,Pol_CHN_Partner,0,Full Sample
5,-0.000212998952530297,0.000452066008427213,0.637520901916972,4840,25,Phoenix,Trade_Total,Pol_CHN_Partner,0,Full Sample
6,0.000410419881303355,0.00102652146149838,0.689291918417895,4840,25,Phoenix,Trade_Total,Pol_CHN_Partner,0,Full Sample
0,-6.44875700568176e-05,0.00178721862355799,0.97121646286406,4798,25,Phoenix,Trade_Total,Pol_Partner_CHN,0,Full Sample
1,0.000623200000539834,0.00115170241860689,0.588430386715329,4798,25,Phoenix,Trade_Total,Pol_Partner_CHN,0,Full Sample
2,4.72859007711782e-05,0.000672215541499942,0.943920370559846,4798,25,Phoenix,Trade_Total,Pol_Partner_CHN,0,Full Sample
3,0.000791837187445906,0.00100435188756872,0.430459184819656,4798,25,Phoenix,Trade_Total,Pol_Partner_CHN,0,Full Sample
4,0.000633273773851907,0.000914393907120938,0.488584944587849,4798,25,Phoenix,Trade_Total,Pol_Partner_CHN,0,Full Sample
5,0.000797181639552786,0.00103169849478227,0.439706709914238,4798,25,Phoenix,Trade_Total,Pol_Partner_CHN,0,Full Sample
6,-0.00132112818401453,0.00132685173920581,0.319402557477862,4798,25,Phoenix,Trade_Total,Pol_Partner_CHN,0,Full Sample
0,-0.00238937425227631,0.00103357148211449,0.0207906438455655,4842,25,Phoenix,Trade_Exports,Pol_Agg,0,Full Sample
1,-0.00156328056691685,0.00092226445687134,0.0900667178189656,4842,25,Phoenix,Trade_Exports,Pol_Agg,0,Full Sample
2,-0.00118292964206414,0.000578185357050052,0.0407627690300475,4842,25,Phoenix,Trade_Exports,Pol_Agg,0,Full Sample
3,0.000251620122221308,0.000643814328020019,0.695925001376482,4842,25,Phoenix,Trade_Exports,Pol_Agg,0,Full Sample
4,-0.000408923472117962,0.000543870353701411,0.45212518322903,4842,25,Phoenix,Trade_Exports,Pol_Agg,0,Full Sample
5,-0.000615980713660889,0.000504277772725664,0.221892702951775,4842,25,Phoenix,Trade_Exports,Pol_Agg,0,Full Sample
6,-0.00126372741977398,0.00125598703887328,0.31433726965146,4842,25,Phoenix,Trade_Exports,Pol_Agg,0,Full Sample
0,-0.00104829434651407,0.000900126131373578,0.244177590272691,4840,25,Phoenix,Trade_Exports,Pol_CHN_Partner,0,Full Sample
1,-0.00216171327178773,0.000924177642367684,0.0193319748397286,4840,25,Phoenix,Trade_Exports,Pol_CHN_Partner,0,Full Sample
2,-0.00121524967825888,0.000717514375667481,0.0903234756012054,4840,25,Phoenix,Trade_Exports,Pol_CHN_Partner,0,Full Sample
3,-8.70086045748197e-05,0.000529996603655539,0.869598710168959,4840,25,Phoenix,Trade_Exports,Pol_CHN_Partner,0,Full Sample
4,-0.000269021473322892,0.000459053833338499,0.557852199695959,4840,25,Phoenix,Trade_Exports,Pol_CHN_Partner,0,Full Sample
5,-0.000484069700169186,0.000614189094491194,0.430612242243593,4840,25,Phoenix,Trade_Exports,Pol_CHN_Partner,0,Full Sample
6,6.63913288045831e-05,0.00110750072537673,0.952197858945468,4840,25,Phoenix,Trade_Exports,Pol_CHN_Partner,0,Full Sample
0,0.00153497908034019,0.00110636076425075,0.165315925602775,4798,25,Phoenix,Trade_Exports,Pol_Partner_CHN,0,Full Sample
1,0.000439197153007063,0.000805465305241626,0.585566906754482,4798,25,Phoenix,Trade_Exports,Pol_Partner_CHN,0,Full Sample
2,-0.000477736151711807,0.000712416952583371,0.502484914390434,4798,25,Phoenix,Trade_Exports,Pol_Partner_CHN,0,Full Sample
3,0.000497026380868479,0.000817503609834201,0.543200303719372,4798,25,Phoenix,Trade_Exports,Pol_Partner_CHN,0,Full Sample
4,0.000257570399745638,0.00100319407121481,0.797371522794102,4798,25,Phoenix,Trade_Exports,Pol_Partner_CHN,0,Full Sample
5,0.000429077060357165,0.000754188063916312,0.569406484256408,4798,25,Phoenix,Trade_Exports,Pol_Partner_CHN,0,Full Sample
6,-0.00114117631887904,0.00135449503098737,0.399502251212205,4798,25,Phoenix,Trade_Exports,Pol_Partner_CHN,0,Full Sample
0,-0.00120660681216289,0.00265515735043048,0.649512952185878,4842,25,Phoenix,Trade_Imports,Pol_Agg,0,Full Sample
1,-0.00148712707575489,0.000984903617479925,0.131063474467794,4842,25,Phoenix,Trade_Imports,Pol_Agg,0,Full Sample
2,0.000725811681286886,0.00110413285365291,0.510950100492467,4842,25,Phoenix,Trade_Imports,Pol_Agg,0,Full Sample
3,0.00025917136988406,0.00103330703406009,0.801955298576542,4842,25,Phoenix,Trade_Imports,Pol_Agg,0,Full Sample
4,0.000590596775976699,0.00112783859822359,0.600519472900377,4842,25,Phoenix,Trade_Imports,Pol_Agg,0,Full Sample
5,-1.13430747326832e-05,0.00131793174914442,0.9931329126324,4842,25,Phoenix,Trade_Imports,Pol_Agg,0,Full Sample
6,-0.00124318911025593,0.00174551771410022,0.476329801196004,4842,25,Phoenix,Trade_Imports,Pol_Agg,0,Full Sample
0,0.00177012620687654,0.00189908525078381,0.351287883485964,4840,25,Phoenix,Trade_Imports,Pol_CHN_Partner,0,Full Sample
1,-0.00130215466783538,0.00106769931746906,0.222620603006898,4840,25,Phoenix,Trade_Imports,Pol_CHN_Partner,0,Full Sample
2,0.00138562981894902,0.00120230600061943,0.249125181894317,4840,25,Phoenix,Trade_Imports,Pol_CHN_Partner,0,Full Sample
3,-0.000345313585681702,0.000816721856321359,0.672437984962386,4840,25,Phoenix,Trade_Imports,Pol_CHN_Partner,0,Full Sample
4,0.00066779008452329,0.00091275208291517,0.464398928423545,4840,25,Phoenix,Trade_Imports,Pol_CHN_Partner,0,Full Sample
5,0.000458000466279245,0.000598336575558749,0.443999913800507,4840,25,Phoenix,Trade_Imports,Pol_CHN_Partner,0,Full Sample
6,0.00101563937821363,0.00140537744330551,0.469875977767826,4840,25,Phoenix,Trade_Imports,Pol_CHN_Partner,0,Full Sample
0,-0.00127227711080825,0.00289002366769556,0.659770034645944,4798,25,Phoenix,Trade_Imports,Pol_Partner_CHN,0,Full Sample
1,0.000795390560649,0.00168985558790937,0.637865324371523,4798,25,Phoenix,Trade_Imports,Pol_Partner_CHN,0,Full Sample
2,0.000600325795667663,0.001402006250619,0.668512412371865,4798,25,Phoenix,Trade_Imports,Pol_Partner_CHN,0,Full Sample
3,0.00131454923535422,0.00161277669071371,0.415023960055076,4798,25,Phoenix,Trade_Imports,Pol_Partner_CHN,0,Full Sample
4,0.00139839442528398,0.000962349409442845,0.146194693418181,4798,25,Phoenix,Trade_Imports,Pol_Partner_CHN,0,Full Sample
5,0.00119328065898434,0.0016578061317772,0.471651188839079,4798,25,Phoenix,Trade_Imports,Pol_Partner_CHN,0,Full Sample
6,-0.000650611529525174,0.00188090375691255,0.729415103622573,4798,25,Phoenix,Trade_Imports,Pol_Partner_CHN,0,Full Sample
0,0.00105232146364529,0.0158818180150964,0.947171219488506,3011,11,Tsinghua,Trade_Total,Pol_Agg,0,Full Sample
1,-0.0158080984987936,0.00948607202320451,0.095623110447249,3011,11,Tsinghua,Trade_Total,Pol_Agg,0,Full Sample
2,0.00532238710239547,0.00527399143760741,0.312890096391494,3011,11,Tsinghua,Trade_Total,Pol_Agg,0,Full Sample
3,0.0114590017896842,0.00855375434494882,0.180360499366077,3011,11,Tsinghua,Trade_Total,Pol_Agg,0,Full Sample
4,-0.00614140131934591,0.0122379621876747,0.615785685415102,3011,11,Tsinghua,Trade_Total,Pol_Agg,0,Full Sample
5,-0.00740699206658591,0.00873823767073424,0.396631332030717,3011,11,Tsinghua,Trade_Total,Pol_Agg,0,Full Sample
6,0.0322444756969253,0.015026555211053,0.0318863172725777,3011,11,Tsinghua,Trade_Total,Pol_Agg,0,Full Sample
0,-0.0020057499276753,0.0142320091142439,0.887923416785759,3011,11,Tsinghua,Trade_Exports,Pol_Agg,0,Full Sample
1,-0.0317701649718017,0.00976890063407785,0.00114525875201451,3011,11,Tsinghua,Trade_Exports,Pol_Agg,0,Full Sample
2,-0.00702101290128873,0.00879048235831531,0.424460781605389,3011,11,Tsinghua,Trade_Exports,Pol_Agg,0,Full Sample
3,0.0249156911376377,0.00863553494135321,0.00391100943051028,3011,11,Tsinghua,Trade_Exports,Pol_Agg,0,Full Sample
4,-0.0192478981346657,0.0152083047312322,0.205650021827943,3011,11,Tsinghua,Trade_Exports,Pol_Agg,0,Full Sample
5,-0.00303749299089102,0.0159250294978862,0.848731617548866,3011,11,Tsinghua,Trade_Exports,Pol_Agg,0,Full Sample
6,0.055088254980403,0.0152104593559199,0.000292633660268855,3011,11,Tsinghua,Trade_Exports,Pol_Agg,0,Full Sample
0,-0.0100581875880742,0.026278886644297,0.701906725570531,3011,11,Tsinghua,Trade_Imports,Pol_Agg,0,Full Sample
1,0.0238539387692303,0.0145111630520392,0.100210559338317,3011,11,Tsinghua,Trade_Imports,Pol_Agg,0,Full Sample
2,0.00736023857366237,0.00798351524567256,0.356565327233671,3011,11,Tsinghua,Trade_Imports,Pol_Agg,0,Full Sample
3,0.00875600791394334,0.0101544462660856,0.388531722717248,3011,11,Tsinghua,Trade_Imports,Pol_Agg,0,Full Sample
4,0.016859158372351,0.0113938497761128,0.138960851002847,3011,11,Tsinghua,Trade_Imports,Pol_Agg,0,Full Sample
5,-0.0171049354650648,0.0149166704251364,0.251505921821667,3011,11,Tsinghua,Trade_Imports,Pol_Agg,0,Full Sample
6,-0.00179023255991208,0.0154700772517157,0.907872650630478,3011,11,Tsinghua,Trade_Imports,Pol_Agg,0,Full Sample
