window_length,lag_order,db,trade,mean_avg_lag,sd_avg_lag,median_avg_lag,mean_peak_lag,n_window
36,3,GDELT,Trade_Total,1.27418422654791,0.385831443018561,1.2225760315121,1.04545454545455,22
36,6,GDELT,Trade_Total,2.78801139072688,0.734363239374551,2.62170467679433,1.86363636363636,22
36,12,GDELT,Trade_Total,5.69730298325849,0.896992627552555,5.75196750721758,4.72727272727273,22
36,3,GDELT,Trade_Exports,1.40712976340876,0.443459932019618,1.51628904535231,1.36363636363636,22
36,6,GDELT,Trade_Exports,2.78120214600372,0.672746023245939,2.81943236260146,2.54545454545455,22
36,12,GDELT,Trade_Exports,5.62071090889345,0.670162354417977,5.40804615302294,3.81818181818182,22
36,3,GDELT,Trade_Imports,1.39719719006267,0.36765632131758,1.36512926450987,1.27272727272727,22
36,6,GDELT,Trade_Imports,2.87394646042464,0.699113003688176,2.90337810932138,2.54545454545455,22
36,12,GDELT,Trade_Imports,5.64770964461573,1.09186406279772,5.63260302497246,5.54545454545455,22
36,3,ICEWS,Trade_Total,1.73047212956172,0.423432449306461,1.75395093017658,2.09090909090909,22
36,6,ICEWS,Trade_Total,2.89147702092853,0.400735254267927,2.87945726070959,2.59090909090909,22
36,12,ICEWS,Trade_Total,6.09065547933868,0.932833363835683,6.09726067686674,6.40909090909091,22
36,3,ICEWS,Trade_Exports,1.7100740956614,0.547969199966217,1.80145959516574,2,22
36,6,ICEWS,Trade_Exports,2.85074827067147,0.659546405594021,2.95324488040071,2.45454545454545,22
36,12,ICEWS,Trade_Exports,5.93870303962602,0.686363341527851,5.78644929481043,5.77272727272727,22
36,3,ICEWS,Trade_Imports,1.62711740271305,0.501431163267276,1.68472955623591,1.68181818181818,22
36,6,ICEWS,Trade_Imports,3.10702616146031,0.587313411678177,3.16033010818129,3.18181818181818,22
36,12,ICEWS,Trade_Imports,5.77729933788983,0.787884154383734,5.63691087712922,5.77272727272727,22
36,3,Phoenix,Trade_Total,1.37858984165835,0.480988429683515,1.50884822120643,1.38888888888889,18
36,6,Phoenix,Trade_Total,3.09658122632882,0.829577096649407,3.23326513850847,3.5,18
36,12,Phoenix,Trade_Total,5.76356418048646,0.990083152293503,5.94050406510936,4.5,18
36,3,Phoenix,Trade_Exports,1.135700607325,0.410464937273424,1.03425935247754,0.722222222222222,18
36,6,Phoenix,Trade_Exports,2.6991289128221,0.534773915109501,2.68023519942948,1.38888888888889,18
36,12,Phoenix,Trade_Exports,5.67538393945915,0.760871522259714,5.54117837838344,3,18
36,3,Phoenix,Trade_Imports,1.53582316386391,0.591371548333448,1.49195765120379,1.55555555555556,18
36,6,Phoenix,Trade_Imports,3.15093430472501,0.577829153486456,3.35007631184374,3.05555555555556,18
36,12,Phoenix,Trade_Imports,5.87076383476121,1.07998200711431,5.76794295874523,4.61111111111111,18
36,3,Tsinghua,Trade_Total,1.62553359188043,0.336175458257285,1.61354716028404,1.77272727272727,22
36,6,Tsinghua,Trade_Total,3.24243339438681,0.650758635501374,3.15570138647866,3.81818181818182,22
36,12,Tsinghua,Trade_Total,5.83814628441403,0.538996641431234,5.95789663666608,5.13636363636364,22
36,3,Tsinghua,Trade_Exports,1.54976544540215,0.355078124932493,1.62894105328119,1.59090909090909,22
36,6,Tsinghua,Trade_Exports,3.35762836788126,0.724598565108401,3.38521907994669,3.81818181818182,22
36,12,Tsinghua,Trade_Exports,5.91655213165378,0.914894460222743,5.91543485389367,4.68181818181818,22
36,3,Tsinghua,Trade_Imports,1.71585408291048,0.41340749537966,1.6911857690571,2.18181818181818,22
36,6,Tsinghua,Trade_Imports,3.28608057573946,0.52495349973371,3.31455591975948,3.27272727272727,22
36,12,Tsinghua,Trade_Imports,5.58048859569315,0.841871019728806,5.61570783638458,5.40909090909091,22
60,3,GDELT,Trade_Total,1.31981696471315,0.391530402262756,1.32282549812185,1.05,20
60,6,GDELT,Trade_Total,3.26054489730218,0.845486796023989,3.24995368142483,3.55,20
60,12,GDELT,Trade_Total,6.17500863124283,1.04854140691624,6.53914378034433,6.4,20
60,3,GDELT,Trade_Exports,1.59959222968337,0.51479816788285,1.61131185647868,1.75,20
60,6,GDELT,Trade_Exports,3.03540899178681,0.749236107051262,3.01589440824455,3.5,20
60,12,GDELT,Trade_Exports,5.5509243917408,0.885372047635317,5.68908155109622,5.75,20
60,3,GDELT,Trade_Imports,1.40893587701777,0.383933265758609,1.48971705936774,1.55,20
60,6,GDELT,Trade_Imports,3.12983864182461,0.715256686785996,3.19380394319848,3.55,20
60,12,GDELT,Trade_Imports,5.917489811884,1.41401537099884,5.98090180884314,6.35,20
60,3,ICEWS,Trade_Total,1.69597467480287,0.288690514145452,1.72723506269106,2.05,20
60,6,ICEWS,Trade_Total,3.00264684605679,0.34678536306355,3.02405760584537,2.95,20
60,12,ICEWS,Trade_Total,5.94303429894999,0.703555477128555,5.75900209633287,5.8,20
60,3,ICEWS,Trade_Exports,1.66293854407678,0.32314006369217,1.69040940593018,1.9,20
60,6,ICEWS,Trade_Exports,2.96514153661416,0.403551664220386,2.88403307322301,2.65,20
60,12,ICEWS,Trade_Exports,5.84796445761958,0.791053476119297,5.89309848529498,6.45,20
60,3,ICEWS,Trade_Imports,1.6426281366946,0.422342652671175,1.69176765582635,1.85,20
60,6,ICEWS,Trade_Imports,3.00894178500547,0.48080154253222,2.93866685980497,3.25,20
60,12,ICEWS,Trade_Imports,5.84289623235868,0.980872321935709,5.58403963925358,6.45,20
60,3,Phoenix,Trade_Total,1.46008970605525,0.505975611127333,1.51008700853407,1.33333333333333,18
60,6,Phoenix,Trade_Total,3.02377892483383,0.795251806278202,3.18131226555029,3.66666666666667,18
60,12,Phoenix,Trade_Total,5.94676259815839,1.14411650881383,5.94854304415972,6.94444444444445,18
60,3,Phoenix,Trade_Exports,1.14743900638355,0.35447470757503,1.02202152257795,0.833333333333333,18
60,6,Phoenix,Trade_Exports,2.51074052976175,0.459198289823331,2.40894817922659,1.61111111111111,18
60,12,Phoenix,Trade_Exports,5.56768512831318,0.92694689955723,5.56825191482438,3.05555555555556,18
60,3,Phoenix,Trade_Imports,1.3800930740546,0.410183031406844,1.41760778934527,1.05555555555556,18
60,6,Phoenix,Trade_Imports,2.78178140762493,0.551413876586921,2.89863557304438,2.22222222222222,18
60,12,Phoenix,Trade_Imports,5.88930748165274,1.15522422416017,5.96971397627438,5.27777777777778,18
60,3,Tsinghua,Trade_Total,1.61879178743912,0.370507992220948,1.65690853580628,2,20
60,6,Tsinghua,Trade_Total,2.99389679730219,0.768806023310827,3.01949927225937,3.1,20
60,12,Tsinghua,Trade_Total,6.0066165220935,1.06292800115317,6.10539958545392,6.95,20
60,3,Tsinghua,Trade_Exports,1.49497009555284,0.591188477011431,1.45136125898902,1.3,20
60,6,Tsinghua,Trade_Exports,3.02933363965552,0.951902389401017,2.84197570914487,2.85,20
60,12,Tsinghua,Trade_Exports,5.87257827535691,0.968201668832685,6.07416942086768,5.5,20
60,3,Tsinghua,Trade_Imports,1.71917251221143,0.545076497380868,1.91564215018067,2.05,20
60,6,Tsinghua,Trade_Imports,3.2529028932066,0.567516961690458,3.24725971939535,3.7,20
60,12,Tsinghua,Trade_Imports,5.6955985223267,0.926188637472275,5.52581586497846,4.9,20
84,3,GDELT,Trade_Total,1.41401800560382,0.377908155860847,1.26702671433844,1.16666666666667,18
84,6,GDELT,Trade_Total,3.30340652540909,0.721567032992074,3.33537955259563,4.22222222222222,18
84,12,GDELT,Trade_Total,5.93139400150484,1.26756914338265,5.91322693521173,6.5,18
84,3,GDELT,Trade_Exports,1.75234203951788,0.39295896663188,1.71276150612527,2.16666666666667,18
84,6,GDELT,Trade_Exports,3.47200469953715,0.670440814491593,3.49749012248259,4,18
84,12,GDELT,Trade_Exports,5.83569199806347,0.801793922626201,5.96146292217417,4.88888888888889,18
84,3,GDELT,Trade_Imports,1.32902176304801,0.290484733156834,1.42973572096668,1.44444444444444,18
84,6,GDELT,Trade_Imports,3.00372982430607,0.67142973990836,2.90267093675869,3.22222222222222,18
84,12,GDELT,Trade_Imports,5.6956187924082,1.49783956679938,5.33722944902239,5.66666666666667,18
84,3,ICEWS,Trade_Total,1.69128150472131,0.282749041479409,1.72300350809108,2.11111111111111,18
84,6,ICEWS,Trade_Total,3.1465051449756,0.556717175631149,3.09539703142644,3.05555555555556,18
84,12,ICEWS,Trade_Total,6.08466861484455,0.959385652853595,6.16841671236567,6.05555555555556,18
84,3,ICEWS,Trade_Exports,1.61684363879996,0.418826308324605,1.67323093126235,1.88888888888889,18
84,6,ICEWS,Trade_Exports,3.04695280104492,0.434924642067085,3.00453385115312,2.72222222222222,18
84,12,ICEWS,Trade_Exports,5.96044601888757,0.564092426263296,5.96101654555908,5.61111111111111,18
84,3,ICEWS,Trade_Imports,1.58271221399379,0.337234077285198,1.65925058460348,1.94444444444444,18
84,6,ICEWS,Trade_Imports,2.99705985771339,0.514234584352295,2.94068072385437,3.11111111111111,18
84,12,ICEWS,Trade_Imports,5.96734688300034,1.10216983838909,5.58640914627793,6.88888888888889,18
84,3,Phoenix,Trade_Total,1.22740473202736,0.469879525763176,1.27073005474207,1.11111111111111,18
84,6,Phoenix,Trade_Total,2.78718175647408,0.854656279194315,2.7690616114418,2.83333333333333,18
84,12,Phoenix,Trade_Total,5.92288249507002,1.2043381132609,5.72468768381188,6.16666666666667,18
84,3,Phoenix,Trade_Exports,1.13750258141143,0.42106376719326,0.973305055197431,0.944444444444444,18
84,6,Phoenix,Trade_Exports,2.50129883854901,0.474068480754091,2.50183285647428,1.55555555555556,18
84,12,Phoenix,Trade_Exports,5.21596784464646,0.713852141699835,5.32948008821809,2.05555555555556,18
84,3,Phoenix,Trade_Imports,1.49860910777048,0.344292134504762,1.49571643659057,1.16666666666667,18
84,6,Phoenix,Trade_Imports,2.72399926829046,0.541107480560375,2.68175059380173,2.05555555555556,18
84,12,Phoenix,Trade_Imports,5.93909300280296,1.11773702362432,6.09730075614395,6.44444444444445,18
84,3,Tsinghua,Trade_Total,1.58467743697676,0.310500429734634,1.60651570349927,1.66666666666667,18
84,6,Tsinghua,Trade_Total,2.67032199901198,0.733285577068065,2.52765426716268,2.66666666666667,18
84,12,Tsinghua,Trade_Total,5.9825122973149,1.07213070021509,5.93049047791952,5.5,18
84,3,Tsinghua,Trade_Exports,1.46869978685258,0.327121356949863,1.50511916340091,1.27777777777778,18
84,6,Tsinghua,Trade_Exports,3.20035809104489,0.746958561900113,3.10705262256732,3.88888888888889,18
84,12,Tsinghua,Trade_Exports,5.87971791112218,1.15118686483545,5.73147265301832,5.33333333333333,18
84,3,Tsinghua,Trade_Imports,1.69641200464283,0.545922859956742,1.78373154112367,1.94444444444444,18
84,6,Tsinghua,Trade_Imports,3.1531941443867,0.758341908205969,3.23723495069216,3.22222222222222,18
84,12,Tsinghua,Trade_Imports,5.62853600407814,0.914023735970181,5.49033513697295,4.5,18
