ISO,Country,trade,variable,estimate,se,pval,sig,trade_label,sensitivity
AE,United Arab Emirates,Trade_Total,Event_Positive,-0.0734308185271934,0.00944139955445366,7.39511255849038e-15,***,总贸易,0.0308523201984057
AE,United Arab Emirates,Trade_Total,Event_Negative,-0.0425784983287878,0.0393424112023889,0.279139494178106,"",总贸易,0.0308523201984057
AE,United Arab Emirates,Trade_Exports,Event_Positive,-0.0661348504813211,0.00699287254148146,3.1549765412184e-21,***,出口,0.0308523201984057
AE,United Arab Emirates,Trade_Exports,Event_Negative,0.0464061153164747,0.0318451676681219,0.145049595129215,"",出口,0.0308523201984057
AE,United Arab Emirates,Trade_Imports,Event_Positive,-0.0714647176985967,0.0161311469701658,9.41319214099684e-06,***,进口,0.0308523201984057
AE,United Arab Emirates,Trade_Imports,Event_Negative,-0.163128241149381,0.0409224116779063,6.71169569702769e-05,***,进口,0.0308523201984057
AU,Australia,Trade_Total,Event_Positive,-0.118612445851813,0.0135748369236088,2.37967353390714e-18,***,总贸易,0.260183058015225
AU,Australia,Trade_Total,Event_Negative,0.141570612163412,0.0383150251384419,0.000219963724253216,***,总贸易,0.260183058015225
AU,Australia,Trade_Exports,Event_Positive,-0.0251229854445955,0.0133237663501689,0.0593519988223151,*,出口,0.260183058015225
AU,Australia,Trade_Exports,Event_Negative,0.0820926209171218,0.0474488208923731,0.0836070798674733,*,出口,0.260183058015225
AU,Australia,Trade_Imports,Event_Positive,-0.176520892756454,0.0214245851134228,1.73403056052732e-16,***,进口,0.260183058015225
AU,Australia,Trade_Imports,Event_Negative,0.168716443202402,0.0369195214214568,4.88088040505169e-06,***,进口,0.260183058015225
BE,Belgium,Trade_Total,Event_Positive,0.0126471735484236,0.00908097923937871,0.163707405071738,"",总贸易,
BE,Belgium,Trade_Total,Event_Negative,,,,,总贸易,
BE,Belgium,Trade_Exports,Event_Positive,-0.00734869425718517,0.0114315792131645,0.52032691039206,"",出口,
BE,Belgium,Trade_Exports,Event_Negative,,,,,出口,
BE,Belgium,Trade_Imports,Event_Positive,0.0547856032643407,0.0150992915517305,0.000285231904668619,***,进口,
BE,Belgium,Trade_Imports,Event_Negative,,,,,进口,
BR,Brazil,Trade_Total,Event_Positive,-0.0156378292779576,0.00782552940087245,0.0456831226613541,**,总贸易,-0.0139497163632182
BR,Brazil,Trade_Total,Event_Negative,-0.0295875456411758,0.064047610985851,0.644108759601207,"",总贸易,-0.0139497163632182
BR,Brazil,Trade_Exports,Event_Positive,-0.0291456923894718,0.0100946791771438,0.003886461174761,***,出口,-0.0139497163632182
BR,Brazil,Trade_Exports,Event_Negative,0.0118885862319064,0.0737032592637738,0.871854446353236,"",出口,-0.0139497163632182
BR,Brazil,Trade_Imports,Event_Positive,0.0093223477710107,0.0117700014982599,0.428335580534094,"",进口,-0.0139497163632182
BR,Brazil,Trade_Imports,Event_Negative,-0.0625122514118391,0.070601223346137,0.375926207271161,"",进口,-0.0139497163632182
CA,Canada,Trade_Total,Event_Positive,-0.010998675830997,0.0185726601748228,0.553718599030584,"",总贸易,0.0811300085743007
CA,Canada,Trade_Total,Event_Negative,0.0701313327433037,0.0140686715392356,6.19844789854691e-07,***,总贸易,0.0811300085743007
CA,Canada,Trade_Exports,Event_Positive,0.083072240588246,0.0329295867125474,0.0116449940545999,**,出口,0.0811300085743007
CA,Canada,Trade_Exports,Event_Negative,0.040369227385114,0.015646356601603,0.00987705621092176,***,出口,0.0811300085743007
CA,Canada,Trade_Imports,Event_Positive,-0.144658499526793,0.0151825906695347,1.60467004347135e-21,***,进口,0.0811300085743007
CA,Canada,Trade_Imports,Event_Negative,0.115677582672254,0.0221465910147654,1.75792568170059e-07,***,进口,0.0811300085743007
DE,Germany,Trade_Total,Event_Positive,0.0113990312841365,0.00595058192900283,0.0554139629636567,*,总贸易,-0.059833250811441
DE,Germany,Trade_Total,Event_Negative,-0.0484342195273045,0.0321271186710357,0.131661911490006,"",总贸易,-0.059833250811441
DE,Germany,Trade_Exports,Event_Positive,0.00745717209781568,0.00660258076520281,0.258715250595614,"",出口,-0.059833250811441
DE,Germany,Trade_Exports,Event_Negative,-0.0224381370879351,0.0355585671878277,0.528027998695886,"",出口,-0.059833250811441
DE,Germany,Trade_Imports,Event_Positive,0.00972223438605576,0.0120549657998026,0.419959175538703,"",进口,-0.059833250811441
DE,Germany,Trade_Imports,Event_Negative,-0.060301072906748,0.0418521710548376,0.149638054727877,"",进口,-0.059833250811441
ES,Spain,Trade_Total,Event_Positive,0.0279529370316135,0.0155655978929876,0.072523915180246,*,总贸易,0.123460689222301
ES,Spain,Trade_Total,Event_Negative,0.151413626253915,0.0372075900179532,4.71286050854905e-05,***,总贸易,0.123460689222301
ES,Spain,Trade_Exports,Event_Positive,0.00646973715371872,0.0226363975245708,0.775022688384361,"",出口,0.123460689222301
ES,Spain,Trade_Exports,Event_Negative,0.201165246150346,0.0401682586109261,5.49799966574746e-07,***,出口,0.123460689222301
ES,Spain,Trade_Imports,Event_Positive,0.0436572800499132,0.0165167691903048,0.00821242211695869,***,进口,0.123460689222301
ES,Spain,Trade_Imports,Event_Negative,0.00442960845473004,0.0527609700454338,0.93309128772532,"",进口,0.123460689222301
FR,France,Trade_Total,Event_Positive,0.01238553208686,0.00835674431275353,0.138313646115782,"",总贸易,0.016890922404935
FR,France,Trade_Total,Event_Negative,0.029276454491795,0.0183518102278752,0.110647459801432,"",总贸易,0.016890922404935
FR,France,Trade_Exports,Event_Positive,-0.0419383789874635,0.0112987172680725,0.000205804947524946,***,出口,0.016890922404935
FR,France,Trade_Exports,Event_Negative,0.0505916968138757,0.0206001580230201,0.014053664756715,**,出口,0.016890922404935
FR,France,Trade_Imports,Event_Positive,0.077389140402426,0.0147470217206676,1.53942137654999e-07,***,进口,0.016890922404935
FR,France,Trade_Imports,Event_Negative,0.00458648151396347,0.0270820094177221,0.865517190162638,"",进口,0.016890922404935
GB,United Kingdom,Trade_Total,Event_Positive,-0.0102630942465887,0.0274412589145479,0.70840259693803,"",总贸易,0.0714013869589271
GB,United Kingdom,Trade_Total,Event_Negative,0.0611382927123384,0.0245631894306901,0.0128095422839969,**,总贸易,0.0714013869589271
GB,United Kingdom,Trade_Exports,Event_Positive,-0.0156220333173453,0.0276440654891388,0.571996598318091,"",出口,0.0714013869589271
GB,United Kingdom,Trade_Exports,Event_Negative,0.0766116980874436,0.0261140977205451,0.00334915981829674,***,出口,0.0714013869589271
GB,United Kingdom,Trade_Imports,Event_Positive,0.0116562687628885,0.0311064900247846,0.707867644726036,"",进口,0.0714013869589271
GB,United Kingdom,Trade_Imports,Event_Negative,0.0203651636992341,0.0292093161926398,0.485668460624112,"",进口,0.0714013869589271
ID,Indonesia,Trade_Total,Event_Positive,-0.07114821992706,0.015561395551835,4.82865817931493e-06,***,总贸易,-0.115308780290473
ID,Indonesia,Trade_Total,Event_Negative,-0.186457000217533,0.0186667619955939,1.70778010404987e-23,***,总贸易,-0.115308780290473
ID,Indonesia,Trade_Exports,Event_Positive,-0.0455686587191083,0.0196523888916295,0.0204094736788402,**,出口,-0.115308780290473
ID,Indonesia,Trade_Exports,Event_Negative,-0.113818415335262,0.017130478852973,3.04857774753584e-11,***,出口,-0.115308780290473
ID,Indonesia,Trade_Imports,Event_Positive,-0.0996102265513698,0.0146259107008526,9.72387712597208e-12,***,进口,-0.115308780290473
ID,Indonesia,Trade_Imports,Event_Negative,-0.27525544302706,0.0277230057278918,3.12070531852054e-23,***,进口,-0.115308780290473
IN,India,Trade_Total,Event_Positive,-0.0209929270734626,0.0105844303657762,0.0473252148059524,**,总贸易,-0.0310403710945153
IN,India,Trade_Total,Event_Negative,-0.0520332981679779,0.0205494227016533,0.0113379999184135,**,总贸易,-0.0310403710945153
IN,India,Trade_Exports,Event_Positive,-0.0411238310851345,0.0130748862922976,0.00165943005449473,***,出口,-0.0310403710945153
IN,India,Trade_Exports,Event_Negative,-0.0473423623206913,0.0311734640055958,0.128844307272432,"",出口,-0.0310403710945153
IN,India,Trade_Imports,Event_Positive,0.0437792671667525,0.013894333425191,0.00162783771771431,***,进口,-0.0310403710945153
IN,India,Trade_Imports,Event_Negative,-0.0243153235730364,0.0248778321940124,0.328376526262553,"",进口,-0.0310403710945153
IR,Iran,Trade_Total,Event_Positive,-0.758048741545674,0.0815395411264088,1.44870782207849e-20,***,总贸易,1.96685380141949
IR,Iran,Trade_Total,Event_Negative,1.20880505987382,0.212124861104469,1.20827581988586e-08,***,总贸易,1.96685380141949
IR,Iran,Trade_Exports,Event_Positive,-0.568101531566722,0.0818782177238957,3.96644197062312e-12,***,出口,1.96685380141949
IR,Iran,Trade_Exports,Event_Negative,1.0763697211203,0.189123964916204,1.26042585787346e-08,***,出口,1.96685380141949
IR,Iran,Trade_Imports,Event_Positive,-0.98806798688779,0.0999186453950791,4.65924910990968e-23,***,进口,1.96685380141949
IR,Iran,Trade_Imports,Event_Negative,1.2556541391945,0.25771492044632,1.10328752784182e-06,***,进口,1.96685380141949
IT,Italy,Trade_Total,Event_Positive,0.0327017023907352,0.0150675400262864,0.0299810102306483,**,总贸易,0.00549642737243978
IT,Italy,Trade_Total,Event_Negative,0.038198129763175,0.0409969970293898,0.35147610716211,"",总贸易,0.00549642737243978
IT,Italy,Trade_Exports,Event_Positive,0.0360779938963427,0.0176207443791556,0.0406116900651665,**,出口,0.00549642737243978
IT,Italy,Trade_Exports,Event_Negative,0.00949498943369798,0.0427802886861823,0.82435454707852,"",出口,0.00549642737243978
IT,Italy,Trade_Imports,Event_Positive,0.029746696778466,0.0149869953479963,0.0471629518728228,**,进口,0.00549642737243978
IT,Italy,Trade_Imports,Event_Negative,0.0885186148826561,0.0482519308899346,0.0665784318868017,*,进口,0.00549642737243978
JP,Japan,Trade_Total,Event_Positive,-0.000354559547651758,0.0252343879557158,0.988789572332042,"",总贸易,0.0150706279344704
JP,Japan,Trade_Total,Event_Negative,0.0147160683868186,0.0086137109453137,0.0875534377500002,*,总贸易,0.0150706279344704
JP,Japan,Trade_Exports,Event_Positive,-0.0295884371644156,0.0209456276942012,0.157764331095194,"",出口,0.0150706279344704
JP,Japan,Trade_Exports,Event_Negative,0.0160401483219483,0.00952016757995254,0.0920156104035365,*,出口,0.0150706279344704
JP,Japan,Trade_Imports,Event_Positive,0.0380100259576426,0.0366827986083463,0.300117619872309,"",进口,0.0150706279344704
JP,Japan,Trade_Imports,Event_Negative,0.0168016095363312,0.011372307099803,0.139564605765783,"",进口,0.0150706279344704
KR,South Korea,Trade_Total,Event_Positive,0.0499068437177531,0.0184082945356664,0.00670591193465703,***,总贸易,-0.0452732557867705
KR,South Korea,Trade_Total,Event_Negative,0.00463358793098258,0.0154563791316028,0.764341290282328,"",总贸易,-0.0452732557867705
KR,South Korea,Trade_Exports,Event_Positive,0.0180487112305931,0.0112382843037446,0.108273389145771,"",出口,-0.0452732557867705
KR,South Korea,Trade_Exports,Event_Negative,-0.0121592848746304,0.0183387608158395,0.507306580946209,"",出口,-0.0452732557867705
KR,South Korea,Trade_Imports,Event_Positive,0.079701032244842,0.0284781439226495,0.00513129631499352,***,进口,-0.0452732557867705
KR,South Korea,Trade_Imports,Event_Negative,0.00629758628645837,0.0170288933263562,0.711518320716006,"",进口,-0.0452732557867705
MX,Mexico,Trade_Total,Event_Positive,-0.127297929359377,0.0151134687305,3.67549116548255e-17,***,总贸易,0.287907451948323
MX,Mexico,Trade_Total,Event_Negative,0.160609522588946,0.0281662906212595,1.18278330156801e-08,***,总贸易,0.287907451948323
MX,Mexico,Trade_Exports,Event_Positive,-0.147364306354892,0.0154467344061205,1.42613129242961e-21,***,出口,0.287907451948323
MX,Mexico,Trade_Exports,Event_Negative,0.170711165825933,0.0336908951732637,4.04172080790333e-07,***,出口,0.287907451948323
MX,Mexico,Trade_Imports,Event_Positive,-0.0436964433553564,0.020228312693546,0.0307600888470417,**,进口,0.287907451948323
MX,Mexico,Trade_Imports,Event_Negative,0.0493084418753156,0.0354889051423449,0.164709805207651,"",进口,0.287907451948323
MY,Malaysia,Trade_Total,Event_Positive,0.124315899638395,0.0226779438973486,4.21025623921753e-08,***,总贸易,-0.282314523980597
MY,Malaysia,Trade_Total,Event_Negative,-0.157998624342202,0.0203047817070696,7.17543611251977e-15,***,总贸易,-0.282314523980597
MY,Malaysia,Trade_Exports,Event_Positive,0.168098408280742,0.0329659386661504,3.41174335745148e-07,***,出口,-0.282314523980597
MY,Malaysia,Trade_Exports,Event_Negative,-0.257280580505053,0.0279575018569121,3.49522506358406e-20,***,出口,-0.282314523980597
MY,Malaysia,Trade_Imports,Event_Positive,0.0893438224044188,0.0172283739936834,2.15027874386666e-07,***,进口,-0.282314523980597
MY,Malaysia,Trade_Imports,Event_Negative,-0.101713235389011,0.027444231923311,0.000210409636835013,***,进口,-0.282314523980597
NL,Netherlands,Trade_Total,Event_Positive,0.014328818355974,0.0352284415962617,0.684198916497814,"",总贸易,0.0035317224915379
NL,Netherlands,Trade_Total,Event_Negative,0.0178605408475119,0.0340520820507694,0.599926249545016,"",总贸易,0.0035317224915379
NL,Netherlands,Trade_Exports,Event_Positive,0.00204056749141473,0.0310094662856856,0.947533343422882,"",出口,0.0035317224915379
NL,Netherlands,Trade_Exports,Event_Negative,0.0189366269331706,0.0342428488458787,0.580256780756254,"",出口,0.0035317224915379
NL,Netherlands,Trade_Imports,Event_Positive,0.0129478113351306,0.0500777637874972,0.795979299131277,"",进口,0.0035317224915379
NL,Netherlands,Trade_Imports,Event_Negative,0.107934948961551,0.0389347563162419,0.00556787385806963,***,进口,0.0035317224915379
PH,Philippines,Trade_Total,Event_Positive,0.0326399158933234,0.0286985393819088,0.255397357009085,"",总贸易,-0.101356817033965
PH,Philippines,Trade_Total,Event_Negative,-0.0687169011406418,0.00921748096740529,8.98249112833506e-14,***,总贸易,-0.101356817033965
PH,Philippines,Trade_Exports,Event_Positive,-0.022330460084645,0.0391754809150079,0.56867015024837,"",出口,-0.101356817033965
PH,Philippines,Trade_Exports,Event_Negative,-0.017576759020966,0.00880924016906472,0.0460141034244764,**,出口,-0.101356817033965
PH,Philippines,Trade_Imports,Event_Positive,0.114371945276179,0.0316453549211613,0.000301302027242172,***,进口,-0.101356817033965
PH,Philippines,Trade_Imports,Event_Negative,-0.145623020072975,0.0189787646472392,1.68091386592177e-14,***,进口,-0.101356817033965
RU,Russia,Trade_Total,Event_Positive,-0.004373365268594,0.010974299965753,0.690254490682128,"",总贸易,-0.0275761299514355
RU,Russia,Trade_Total,Event_Negative,-0.0319494952200295,0.0599528045026094,0.594095349427475,"",总贸易,-0.0275761299514355
RU,Russia,Trade_Exports,Event_Positive,0.016103697427729,0.0119328906482523,0.177169386400356,"",出口,-0.0275761299514355
RU,Russia,Trade_Exports,Event_Negative,0.124660672380078,0.0688768574572211,0.070310287150625,*,出口,-0.0275761299514355
RU,Russia,Trade_Imports,Event_Positive,-0.0247320795342756,0.0161147144001076,0.124844919355492,"",进口,-0.0275761299514355
RU,Russia,Trade_Imports,Event_Negative,-0.203502056937588,0.0676092575571579,0.0026127069614044,***,进口,-0.0275761299514355
SA,Saudi Arabia,Trade_Total,Event_Positive,0.0553571535695794,0.0480223792769606,0.249018519512536,"",总贸易,-0.0517836293866217
SA,Saudi Arabia,Trade_Total,Event_Negative,0.00357352418295771,0.017959779131041,0.842283296773953,"",总贸易,-0.0517836293866217
SA,Saudi Arabia,Trade_Exports,Event_Positive,0.224881215719911,0.0622903097685205,0.00030594699413318,***,出口,-0.0517836293866217
SA,Saudi Arabia,Trade_Exports,Event_Negative,-0.0261127847194262,0.0164424283592335,0.112255969984018,"",出口,-0.0517836293866217
SA,Saudi Arabia,Trade_Imports,Event_Positive,-0.0213968855169907,0.0465517661839996,0.645777238220816,"",进口,-0.0517836293866217
SA,Saudi Arabia,Trade_Imports,Event_Negative,0.0132653499795492,0.026126803403071,0.611643026266287,"",进口,-0.0517836293866217
SG,Singapore,Trade_Total,Event_Positive,-0.00302041835745518,0.0182110811013332,0.868270218969711,"",总贸易,0.0487526904061704
SG,Singapore,Trade_Total,Event_Negative,0.0457322720487152,0.0479285494176608,0.339994555905106,"",总贸易,0.0487526904061704
SG,Singapore,Trade_Exports,Event_Positive,0.0200952532319019,0.0237251681424991,0.39699428002533,"",出口,0.0487526904061704
SG,Singapore,Trade_Exports,Event_Negative,-0.00579472727353005,0.05302491966617,0.912977955412019,"",出口,0.0487526904061704
SG,Singapore,Trade_Imports,Event_Positive,-0.0578625148873454,0.022727468528883,0.0108987440213738,**,进口,0.0487526904061704
SG,Singapore,Trade_Imports,Event_Negative,0.131523875351561,0.0560158460806958,0.0188757256314381,**,进口,0.0487526904061704
TH,Thailand,Trade_Total,Event_Positive,0.0252566449823296,0.013520118150124,0.0617510994820894,*,总贸易,0.13692105488606
TH,Thailand,Trade_Total,Event_Negative,0.162177699868389,0.0510306528322609,0.00148271848629314,***,总贸易,0.13692105488606
TH,Thailand,Trade_Exports,Event_Positive,0.0907996372732195,0.0132072526201633,6.19972508430333e-12,***,出口,0.13692105488606
TH,Thailand,Trade_Exports,Event_Negative,0.128364409679918,0.0544556744306734,0.0184119663747845,**,出口,0.13692105488606
TH,Thailand,Trade_Imports,Event_Positive,-0.0458704053602564,0.0193045731717191,0.0174947330324001,**,进口,0.13692105488606
TH,Thailand,Trade_Imports,Event_Negative,0.209119879105139,0.0634497441553571,0.000981296769039507,***,进口,0.13692105488606
US,United States,Trade_Total,Event_Positive,-0.177663402734867,0.019448577500694,6.53866609629208e-20,***,总贸易,0.105868866587867
US,United States,Trade_Total,Event_Negative,-0.0717945361469996,0.0155816005696111,4.07248636942209e-06,***,总贸易,0.105868866587867
US,United States,Trade_Exports,Event_Positive,-0.165964453894475,0.0212470539822023,5.66573458521089e-15,***,出口,0.105868866587867
US,United States,Trade_Exports,Event_Negative,-0.0689478948308461,0.0185581027541745,0.000203007058327899,***,出口,0.105868866587867
US,United States,Trade_Imports,Event_Positive,-0.166173681349124,0.0249660774062152,2.81420864839184e-11,***,进口,0.105868866587867
US,United States,Trade_Imports,Event_Negative,-0.066037295057256,0.0203979922993768,0.00120606907234896,***,进口,0.105868866587867
VN,Vietnam,Trade_Total,Event_Positive,0.224959781039114,0.0259570497128569,4.45153358155334e-18,***,总贸易,-0.347584822224396
VN,Vietnam,Trade_Total,Event_Negative,-0.122625041185282,0.0203546475854167,1.69712217946087e-09,***,总贸易,-0.347584822224396
VN,Vietnam,Trade_Exports,Event_Positive,0.192752450344174,0.0224840624031629,1.00956679197987e-17,***,出口,-0.347584822224396
VN,Vietnam,Trade_Exports,Event_Negative,-0.0759199049281932,0.026252264832361,0.0038287429942645,***,出口,-0.347584822224396
VN,Vietnam,Trade_Imports,Event_Positive,0.271604820314527,0.038723369139721,2.31637499573838e-12,***,进口,-0.347584822224396
VN,Vietnam,Trade_Imports,Event_Negative,-0.223402799192283,0.0280025396488597,1.48786305992531e-15,***,进口,-0.347584822224396
